insurer,file,bytes,pages,has_extractable_text,sample
aditya-birla,policy-wording/aditya-birla/Activ_Assured_Diamond.pdf,608888,37,True,"This Policy has been issued on the basis of the Disclosure to Information Norm, including the information provided by You in respect of the Insured Persons in the Proposal Form, any application for insurance cover in respect of any Insured Person and any other information or details submitted in relation to the Proposal Form. This Policy is a contract of insurance between You and Us which is subject to the receipt of premium in full and accepted by Us in respect of the Insured Persons and the te"
aditya-birla,policy-wording/aditya-birla/Activ_Care_Classic.pdf,622662,43,True,"This Policy has been issued on the basis of the Disclosure to information norm, including the information provided by You in respect of the Insured Persons in the Proposal Form, any application for insurance cover in respect of any Insured Person and any other information or details submitted in relation to the Proposal Form. This Policy is a contract of insurance between You and Us which is subject to the receipt of premium in full and accepted by Us in respect of the Insured Persons and the te"
aditya-birla,policy-wording/aditya-birla/Activ_Care_Premier.pdf,622662,43,True,"This Policy has been issued on the basis of the Disclosure to information norm, including the information provided by You in respect of the Insured Persons in the Proposal Form, any application for insurance cover in respect of any Insured Person and any other information or details submitted in relation to the Proposal Form. This Policy is a contract of insurance between You and Us which is subject to the receipt of premium in full and accepted by Us in respect of the Insured Persons and the te"
aditya-birla,policy-wording/aditya-birla/Activ_Care_Standard.pdf,622662,43,True,"This Policy has been issued on the basis of the Disclosure to information norm, including the information provided by You in respect of the Insured Persons in the Proposal Form, any application for insurance cover in respect of any Insured Person and any other information or details submitted in relation to the Proposal Form. This Policy is a contract of insurance between You and Us which is subject to the receipt of premium in full and accepted by Us in respect of the Insured Persons and the te"
aditya-birla,policy-wording/aditya-birla/Activ_Fit_Plus.pdf,817040,33,True,"This Policy has been issued on the basis of the Disclosure to information norm, including the information provided by You in respect of the Insured Persons in the Proposal Form, any application for insurance cover in respect of any Insured Person and any other information or details submitted in relation to the Proposal Form. This Policy is a contract of insurance between You and Us which is subject to the receipt of premium in full and accepted by Us in respect of the Insured Persons and the te"
aditya-birla,policy-wording/aditya-birla/Activ_Fit_Preferred.pdf,817040,33,True,"This Policy has been issued on the basis of the Disclosure to information norm, including the information provided by You in respect of the Insured Persons in the Proposal Form, any application for insurance cover in respect of any Insured Person and any other information or details submitted in relation to the Proposal Form. This Policy is a contract of insurance between You and Us which is subject to the receipt of premium in full and accepted by Us in respect of the Insured Persons and the te"
aditya-birla,policy-wording/aditya-birla/Activ_Health_Platinum_Enhanced.pdf,1190560,89,True,"Activ Health - Policy Terms and Conditions Section A. PREAMBLE This Policy has been issued on the basis of the Disclosure to Information Norm, including the information provided by You in respect of the Insured Persons in the Proposal Form, any application for insurance cover in respect of any Insured Person and any other information or details submitted in relation to the Proposal Form. This Policy is a contract of insurance between You and Us which is subject to the receipt of premium in full "
aditya-birla,policy-wording/aditya-birla/Activ_Health_Platinum_Essential.pdf,1190560,89,True,"Activ Health - Policy Terms and Conditions Section A. PREAMBLE This Policy has been issued on the basis of the Disclosure to Information Norm, including the information provided by You in respect of the Insured Persons in the Proposal Form, any application for insurance cover in respect of any Insured Person and any other information or details submitted in relation to the Proposal Form. This Policy is a contract of insurance between You and Us which is subject to the receipt of premium in full "
aditya-birla,policy-wording/aditya-birla/Activ_Health_Plus_TopUp.pdf,540322,30,True,"This Policy has been issued on the basis of the Disclosure to Information Norm, including the information provided by You in respect of the Insured Persons in the proposal form, any application for insurance cover in respect of any Insured Person and any other information or details submitted in relation to the proposal form. This Policy is a contract of insurance between You and Us which is subject to the receipt of premium in full and accepted by Us in respect of the Insured Persons and the te"
aditya-birla,policy-wording/aditya-birla/Activ_One_MAX.pdf,541300,55,True,"This Policy is a contract of insurance issued by ADITYA BIRLA HEALTH INSURANCE CO. LIMITED. (hereina/fter called the ‘We / Our / Us / Insurer / Company’) to the proposer mentioned in the Policy Schedule (hereina/fter called the ‘You / Your / Policyholder’) to cover the person(s) named in the Policy Schedule (hereina/fter called the ‘Insured Person/s). The Policy has been issued on the basis of the Disclosure to Information Norm, including the information provided by You in respect of the Insured"
aditya-birla,policy-wording/aditya-birla/Activ_One_MAX_Plus.pdf,533082,55,True,"This Policy is a contract of insurance issued by ADITYA BIRLA HEALTH INSURANCE CO. LIMITED. (hereina/fter called the ‘We / Our / Us / Insurer / Company’) to the proposer mentioned in the Policy Schedule (hereina/fter called the ‘You / Your / Policyholder’) to cover the person(s) named in the Policy Schedule (hereina/fter called the ‘Insured Person/s). The Policy has been issued on the basis of the Disclosure to Information Norm, including the information provided by You in respect of the Insured"
aditya-birla,policy-wording/aditya-birla/Activ_One_NXT.pdf,611016,55,True,"This Policy is a contract of insurance issued by ADITYA BIRLA HEALTH INSURANCE CO. LIMITED. (hereina/fter called the ‘We / Our / Us / Insurer / Company’) to the proposer mentioned in the Policy Schedule (hereina/fter called the ‘You / Your / Policyholder’) to cover the person(s) named in the Policy Schedule (hereina/fter called the ‘Insured Person/s). The Policy has been issued on the basis of the Disclosure to Information Norm, including the information provided by You in respect of the Insured"
aditya-birla,policy-wording/aditya-birla/Activ_One_SAVR.pdf,536919,56,True,"This Policy is a contract of insurance issued by ADITYA BIRLA HEALTH INSURANCE CO. LIMITED. (hereina/fter called the ‘We / Our / Us / Insurer / Company’) to the proposer mentioned in the Policy Schedule (hereina/fter called the ‘You / Your / Policyholder’) to cover the person(s) named in the Policy Schedule (hereina/fter called the ‘Insured Person/s). The Policy has been issued on the basis of the Disclosure to Information Norm, including the information provided by You in respect of the Insured"
aditya-birla,policy-wording/aditya-birla/Activ_One_VIP.pdf,468940,50,True,"This Policy is a contract of insurance issued by ADITYA BIRLA HEALTH INSURANCE CO. LIMITED. (hereina/fter called the ‘We / Our / Us / Insurer / Company’) to the proposer mentioned in the Policy Schedule (hereina/fter called the ‘You / Your / Policyholder’) to cover the person(s) named in the Policy Schedule (hereina/fter called the ‘Insured Person/s). The Policy has been issued on the basis of the Disclosure to Information Norm, including the information provided by You in respect of the Insured"
aditya-birla,policy-wording/aditya-birla/Activ_One_VIP_Plus.pdf,467782,49,True,"This Policy is a contract of insurance issued by ADITYA BIRLA HEALTH INSURANCE CO. LIMITED. (hereina/fter called the ‘We / Our / Us / Insurer / Company’) to the proposer mentioned in the Policy Schedule (hereina/fter called the ‘You / Your / Policyholder’) to cover the person(s) named in the Policy Schedule (hereina/fter called the ‘Insured Person/s). The Policy has been issued on the basis of the Disclosure to Information Norm, including the information provided by You in respect of the Insured"
aditya-birla,policy-wording/aditya-birla/Activ_One_VYTL.pdf,549932,54,True,"This Policy is a contract of insurance issued by ADITYA BIRLA HEALTH INSURANCE CO. LIMITED. (hereina/fter called the ‘We / Our / Us / Insurer / Company’) to the proposer mentioned in the Policy Schedule (hereina/fter called the ‘You / Your / Policyholder’) to cover the person(s) named in the Policy Schedule (hereina/fter called the ‘Insured Person/s). The Policy has been issued on the basis of the Disclosure to Information Norm, including the information provided by You in respect of the Insured"
care,policy-wording/care/Care_Advantage.pdf,2460959,,False,ERROR: DependencyError: cryptography>=3.1 is required for AES algorithm
care,policy-wording/care/Care_Care.pdf,560121,,False,ERROR: DependencyError: cryptography>=3.1 is required for AES algorithm
care,policy-wording/care/Care_Classic.pdf,1794766,,False,ERROR: DependencyError: cryptography>=3.1 is required for AES algorithm
care,policy-wording/care/Care_Enhance_Top_Up.pdf,1892406,,False,ERROR: DependencyError: cryptography>=3.1 is required for AES algorithm
care,policy-wording/care/Care_Freedom.pdf,1774639,,False,ERROR: DependencyError: cryptography>=3.1 is required for AES algorithm
care,policy-wording/care/Care_Heart.pdf,1849605,,False,ERROR: DependencyError: cryptography>=3.1 is required for AES algorithm
care,policy-wording/care/Care_Joy_Today.pdf,1819721,,False,ERROR: DependencyError: cryptography>=3.1 is required for AES algorithm
care,policy-wording/care/Care_Joy_Tomorrow.pdf,1819721,,False,ERROR: DependencyError: cryptography>=3.1 is required for AES algorithm
care,policy-wording/care/Care_Plus_Complete.pdf,2048063,,False,ERROR: DependencyError: cryptography>=3.1 is required for AES algorithm
care,policy-wording/care/Care_Plus_Youth.pdf,2048063,,False,ERROR: DependencyError: cryptography>=3.1 is required for AES algorithm
care,policy-wording/care/Care_Senior.pdf,509379,,False,ERROR: DependencyError: cryptography>=3.1 is required for AES algorithm
care,policy-wording/care/Care_Senior_Health_Advantage.pdf,452640,,False,ERROR: DependencyError: cryptography>=3.1 is required for AES algorithm
care,policy-wording/care/Care_Supreme.pdf,1853377,,False,ERROR: DependencyError: cryptography>=3.1 is required for AES algorithm
care,policy-wording/care/Care_Supreme_Enhance_Super_TopUp.pdf,1788255,,False,ERROR: DependencyError: cryptography>=3.1 is required for AES algorithm
care,policy-wording/care/Care_Supreme_Senior_Premium.pdf,1853377,,False,ERROR: DependencyError: cryptography>=3.1 is required for AES algorithm
care,policy-wording/care/Care_Supreme_Senior_Super.pdf,1853377,,False,ERROR: DependencyError: cryptography>=3.1 is required for AES algorithm
care,policy-wording/care/Care_Supreme_Super_Saver.pdf,1779664,,False,ERROR: DependencyError: cryptography>=3.1 is required for AES algorithm
care,policy-wording/care/Care_Supreme_VFM.pdf,1853377,,False,ERROR: DependencyError: cryptography>=3.1 is required for AES algorithm
care,policy-wording/care/Care_Ultimate.pdf,1998145,,False,ERROR: DependencyError: cryptography>=3.1 is required for AES algorithm
hdfc-ergo,policy-wording/hdfc-ergo/Easy_Health_Exclusive.pdf,526591,46,True,"HDFC ERGO General Insurance Company Limited Policy Wording Easy Health HDFC ERGO General Insurance Company Limited. IRDAI Reg. No.146 CIN: U66030MH2007PLC177117. Registered & Corporate Office: 6th Floor, Leela Business Park, Andheri -Kurla Road, Andheri (East), Mumbai – 400 059. Easy Health - UIN: HDFHLIP25004V082425 1 Preamble HDFC ERGO General Insurance Company Limited will cover all Insured Persons under this Policy upto the Sum Insured. The insurance cover is governed by, and subject to, the"
hdfc-ergo,policy-wording/hdfc-ergo/Easy_Health_Premium.pdf,776264,50,True,"HDFC ERGO General Insurance Company Limited DFC ERGO General Insurance Company Limited. IRDAI Reg. No.146. CIN: U66030MH2007PLC177117. Registered & Corporate Office: 1st Floor, HDFC House, 165-166 Backbay Reclamation, H. T. Parekh Marg, Churchgate, Mumbai – 400 020.. Easy Health UIN: HDFHLIP25004V082425 1 | P a g e EASY HEALTH Preamble HDFC ERGO General Insurance Company Limited will cover all Insured Persons under this Policy upto the Sum Insured. The insurance cover is governed by, and subject"
hdfc-ergo,policy-wording/hdfc-ergo/Easy_Health_Standard.pdf,526591,46,True,"HDFC ERGO General Insurance Company Limited Policy Wording Easy Health HDFC ERGO General Insurance Company Limited. IRDAI Reg. No.146 CIN: U66030MH2007PLC177117. Registered & Corporate Office: 6th Floor, Leela Business Park, Andheri -Kurla Road, Andheri (East), Mumbai – 400 059. Easy Health - UIN: HDFHLIP25004V082425 1 Preamble HDFC ERGO General Insurance Company Limited will cover all Insured Persons under this Policy upto the Sum Insured. The insurance cover is governed by, and subject to, the"
hdfc-ergo,policy-wording/hdfc-ergo/Energy_Gold.pdf,408865,42,True,"HDFC ERGO General Insurance Company Limited Policy Wording Energy HDFC ERGO General Insurance Company Limited. IRDAI Reg. No.146 CIN: U66030MH2007PLC177117. Registered & Corporate Office: 6th Floor, Leela Business Park, Andheri-Kurla Road, Andheri (East), Mumbai – 400 059. UIN: Energy - HDFHLIP26048V052526 1 Table of Contents Sr. No. Particulars Page No. Preamble 2 Section A Definitions 2 Standard Definitions 2 Specific Definitions 7 Section B Benefits 9 I. Hospitalization Covers 9 1. In-Patient"
hdfc-ergo,policy-wording/hdfc-ergo/Energy_Silver.pdf,408865,42,True,"HDFC ERGO General Insurance Company Limited Policy Wording Energy HDFC ERGO General Insurance Company Limited. IRDAI Reg. No.146 CIN: U66030MH2007PLC177117. Registered & Corporate Office: 6th Floor, Leela Business Park, Andheri-Kurla Road, Andheri (East), Mumbai – 400 059. UIN: Energy - HDFHLIP26048V052526 1 Table of Contents Sr. No. Particulars Page No. Preamble 2 Section A Definitions 2 Standard Definitions 2 Specific Definitions 7 Section B Benefits 9 I. Hospitalization Covers 9 1. In-Patient"
hdfc-ergo,policy-wording/hdfc-ergo/Equicover.pdf,435713,31,True,"HDFC ERGO General Insurance Company Limited Policy Wording HDFC ERGO EquiCover Health HDFC ERGO General Insurance Company Limited. IRDAI Reg. No.146 CIN: U66030MH2007PLC177117. Registered & Corporate Office : 6th Floor, Leela Business Park, Andheri -Kurla Road, Andheri (East), Mumbai – 400 059. UIN: HDFC ERGO EquiCover Health - HDFHLIP23192V012223 1 1. Preamble This Policy is a contract of insurance issued by HDFC ERGO General Insurance Company Limited (hereinafter called the ‘Company’) to the p"
hdfc-ergo,policy-wording/hdfc-ergo/Health_Wallet.pdf,522701,45,True,"HDFC ERGO General Insurance Company Limited Policy Wordings Health Wallet HDFC ERGO General Insurance Company Limited. IRDAI Reg. No.146. CIN: U66030MH2007PLC177117.Registered & Corporate Office: 6th Floor, Leela Business Park, Andheri-Kurla Road, Andheri (East), Mumbai – 400 059. UIN Health Wallet – HDHHLIP21337V022021 1 TABLE OF CONTENTS S. No. Descriptions Page No. Preamble 3 A Definitions 3 1 Standard Definitions 3 2 Specific Definitions 8 B Benefits 10 1 In-patient Benefits 10 i. In-patient"
hdfc-ergo,policy-wording/hdfc-ergo/MyHealth_Koti_Suraksha.pdf,844776,74,True,"HDFC ERGO General Insurance Company Limited Policy Wording my: health Koti Suraksha HDFC ERGO General Insurance Company Limited. IRDAI Reg. No.146 CIN: U66030MH2007PLC177117. Registered & Corporate Office: 6th Floor, Leela Business Park, Andheri -Kurla Road, Andheri (East), Mumbai – 400 059. UIN: my: health Koti Suraksha - HDFHLIP21131V012021 1 Table of Contents Sr. No. Particulars Page No. Section A Definitions 3 I. Standard Definition applicable to Policy 3 II. Specific Definition 8 III. Defin"
hdfc-ergo,policy-wording/hdfc-ergo/MyHealth_Medisure_Super_TopUp.pdf,493202,35,True,"HDFC ERGO General Insurance Company Limited Policy Wording my:health Medisure Super Top Up Insurance HDFC ERGO General Insurance Company Limited. IRDAI Reg. No.146 CIN: U66030MH2007PLC177117. Registered & Corporate Office: 6th Floor, Leela Business Park, Andheri-Kurla Road, Andheri (East), Mumbai – 400 059. UIN: my:health Medisure Super Top Up Insurance - HDFHLIP22021V042122 1 Table of Contents Sr. No. Particulars Page No. A Preamble 3 B Definitions 3 I. Standard Definitions 3 II. Specific Defin"
hdfc-ergo,policy-wording/hdfc-ergo/MyHealth_Suraksha_Gold.pdf,465682,34,True,1 CONTENTS Section Description Page No. Preamble 4 Section A Definitions 4 Standard Definitions 6 Specific Definitions 9 Section B Benefits 10 I Hospitalization Cover 10 1. Medical Expenses 10 2. Home Healthcare 10 3. Domiciliary Hospitalization 10 4. Pre-Hospitalization cover 10 5. Post-Hospitalization cover 10 6. Day Care Procedures 10 7. Road Ambulance 11 8. Organ Donor Expenses 11 9. Alternative Treatments 11 II Renewal Benefits 11 1. Preventive Health Check-Up 11 2. Cumulative Bonus 11 3. m
hdfc-ergo,policy-wording/hdfc-ergo/MyHealth_Suraksha_Platinum.pdf,465682,34,True,1 CONTENTS Section Description Page No. Preamble 4 Section A Definitions 4 Standard Definitions 6 Specific Definitions 9 Section B Benefits 10 I Hospitalization Cover 10 1. Medical Expenses 10 2. Home Healthcare 10 3. Domiciliary Hospitalization 10 4. Pre-Hospitalization cover 10 5. Post-Hospitalization cover 10 6. Day Care Procedures 10 7. Road Ambulance 11 8. Organ Donor Expenses 11 9. Alternative Treatments 11 II Renewal Benefits 11 1. Preventive Health Check-Up 11 2. Cumulative Bonus 11 3. m
hdfc-ergo,policy-wording/hdfc-ergo/MyHealth_Suraksha_Silver.pdf,465682,34,True,1 CONTENTS Section Description Page No. Preamble 4 Section A Definitions 4 Standard Definitions 6 Specific Definitions 9 Section B Benefits 10 I Hospitalization Cover 10 1. Medical Expenses 10 2. Home Healthcare 10 3. Domiciliary Hospitalization 10 4. Pre-Hospitalization cover 10 5. Post-Hospitalization cover 10 6. Day Care Procedures 10 7. Road Ambulance 11 8. Organ Donor Expenses 11 9. Alternative Treatments 11 II Renewal Benefits 11 1. Preventive Health Check-Up 11 2. Cumulative Bonus 11 3. m
hdfc-ergo,policy-wording/hdfc-ergo/Optima_Lite.pdf,2532411,159,True,"HDFC ERGO Secure 4in1 Policy Wordings HDFC ERGO General Insurance Company Limited. IRDAI Reg. No. 146. CIN: U66030MH2007PLC177117. Registered & Corporate Office: 6th Floor, Leela Business Park, Andheri-Kurla Road, Andheri (East), Mumbai – 400 059. UIN: HDFC ERGO Secure 4in1 - HDFHLIP25040V042425."
hdfc-ergo,policy-wording/hdfc-ergo/Optima_Restore.pdf,589829,49,True,"HDFC ERGO General Insurance Company Limited Policy Wording Optima Restore HDFC ERGO General Insurance Company Limited. IRDAI Reg. No.146 CIN: U66030MH2007PLC177117. Registered & Corporate Office: 6th Floor, Leela Business Park, Andheri -Kurla Road, Andheri (East), Mumbai – 400 059. UIN: Optima Restore - HDFHLIP25012V082425 1 HDFC ERGO General Insurance Company Limited will cover all the Insured Persons under this Policy upto the Sum Insured. The insurance cover is governed by, and subject to, th"
hdfc-ergo,policy-wording/hdfc-ergo/Optima_Secure.pdf,625359,53,True,"HDFC ERGO General Insurance Company Limited Policy Wording my: Optima Secure HDFC ERGO General Insurance Company Limited. IRDAI Reg. No.146 CIN: U66030MH2007PLC177117. Registered & Corporate Office: 6th Floor, Leela Business Park, Andheri -Kurla Road, Andheri (East), Mumbai – 400 059. UIN: my: Optima Secure - HDFHLIP25041V062425 1 Table of Contents Sr. No. Particulars Page No. Preamble 2 Operative Clause 2 A.1.1 Standard Definitions 2 A.1.2 Specific Definitions 2 B.1 Base Coverages 11 B.2 Option"
hdfc-ergo,policy-wording/hdfc-ergo/Optima_Secure_Global.pdf,625359,53,True,"HDFC ERGO General Insurance Company Limited Policy Wording my: Optima Secure HDFC ERGO General Insurance Company Limited. IRDAI Reg. No.146 CIN: U66030MH2007PLC177117. Registered & Corporate Office: 6th Floor, Leela Business Park, Andheri -Kurla Road, Andheri (East), Mumbai – 400 059. UIN: my: Optima Secure - HDFHLIP25041V062425 1 Table of Contents Sr. No. Particulars Page No. Preamble 2 Operative Clause 2 A.1.1 Standard Definitions 2 A.1.2 Specific Definitions 2 B.1 Base Coverages 11 B.2 Option"
hdfc-ergo,policy-wording/hdfc-ergo/Optima_Secure_Global_Plus.pdf,625359,53,True,"HDFC ERGO General Insurance Company Limited Policy Wording my: Optima Secure HDFC ERGO General Insurance Company Limited. IRDAI Reg. No.146 CIN: U66030MH2007PLC177117. Registered & Corporate Office: 6th Floor, Leela Business Park, Andheri -Kurla Road, Andheri (East), Mumbai – 400 059. UIN: my: Optima Secure - HDFHLIP25041V062425 1 Table of Contents Sr. No. Particulars Page No. Preamble 2 Operative Clause 2 A.1.1 Standard Definitions 2 A.1.2 Specific Definitions 2 B.1 Base Coverages 11 B.2 Option"
hdfc-ergo,policy-wording/hdfc-ergo/Optima_Senior.pdf,380716,32,True,"HDFC ERGO General Insurance Company Limited Policy Wording Optima Senior HDFC ERGO General Insurance Company Limited. IRDAI Reg. No.146 CIN: U66030MH2007PLC177117. Registered & Corporate Office: 6th Floor, Leela Business Park, Andheri -Kurla Road, Andheri (East), Mumbai – 400 059. UIN: Optima Senior - HDHHLIP21379V022021 1 Table of Contents Sr. No. Particulars Page No. Preamble 2 Section A Definitions 2 I. Standard Definitions 2 II. Specific Definitions 6 Section B Benefits 7 I. Coverage 7 II. C"
hdfc-ergo,policy-wording/hdfc-ergo/Optima_Super_Secure.pdf,625359,53,True,"HDFC ERGO General Insurance Company Limited Policy Wording my: Optima Secure HDFC ERGO General Insurance Company Limited. IRDAI Reg. No.146 CIN: U66030MH2007PLC177117. Registered & Corporate Office: 6th Floor, Leela Business Park, Andheri -Kurla Road, Andheri (East), Mumbai – 400 059. UIN: my: Optima Secure - HDFHLIP25041V062425 1 Table of Contents Sr. No. Particulars Page No. Preamble 2 Operative Clause 2 A.1.1 Standard Definitions 2 A.1.2 Specific Definitions 2 B.1 Base Coverages 11 B.2 Option"
icici-lombard,policy-wording/icici-lombard/Elevate.pdf,448281,45,True,"IRDA Reg. No. 115 Mailing Address: 601 / 602, 6th Floor, Interface Building No. 16, New Link Road, Malad (West), Mumbai - 400 064. CIN: L67200MH2000PLC129408 Registered Office Address: ICICI Lombard House, 414, P Balu Marg, Off Veer Savarkar Road, Nr Siddhi Vinayak Temple, Prabhadevi, Mumbai - 400 025. UIN: ICIHLIP25048V042425 Product Name: Elevate Toll free No. : 1800 2666 Alternate No.: 86552 22666 (Chargeable) Website : www.iciclombard.com E-mail : customersupport@icicilombard.com ICICI Lomba"
niva-bupa,policy-wording/niva-bupa/Aspire_Diamond_Plus.pdf,537021,41,True,"Product Name: Aspire | Product UIN: NBHHLIP26042V022526 ASPIRE- POLICY WORDINGS 1. Preamble You are a global citizen and the world is your playground. This Policy covers Allopathic treatments anywhere in the world. AYUSH treatments are covered in India only. After all, the world comes to us for the best of AYUSH. 2. Definitions It is IMPORTANT You should go through the definition of some words used in the policy. Definition of these may vary from the common understanding and colloquial meaning. "
niva-bupa,policy-wording/niva-bupa/Aspire_Gold_Plus.pdf,537021,41,True,"Product Name: Aspire | Product UIN: NBHHLIP26042V022526 ASPIRE- POLICY WORDINGS 1. Preamble You are a global citizen and the world is your playground. This Policy covers Allopathic treatments anywhere in the world. AYUSH treatments are covered in India only. After all, the world comes to us for the best of AYUSH. 2. Definitions It is IMPORTANT You should go through the definition of some words used in the policy. Definition of these may vary from the common understanding and colloquial meaning. "
niva-bupa,policy-wording/niva-bupa/Aspire_Platinum_Plus.pdf,537021,41,True,"Product Name: Aspire | Product UIN: NBHHLIP26042V022526 ASPIRE- POLICY WORDINGS 1. Preamble You are a global citizen and the world is your playground. This Policy covers Allopathic treatments anywhere in the world. AYUSH treatments are covered in India only. After all, the world comes to us for the best of AYUSH. 2. Definitions It is IMPORTANT You should go through the definition of some words used in the policy. Definition of these may vary from the common understanding and colloquial meaning. "
niva-bupa,policy-wording/niva-bupa/Aspire_Titanium_Plus.pdf,537021,41,True,"Product Name: Aspire | Product UIN: NBHHLIP26042V022526 ASPIRE- POLICY WORDINGS 1. Preamble You are a global citizen and the world is your playground. This Policy covers Allopathic treatments anywhere in the world. AYUSH treatments are covered in India only. After all, the world comes to us for the best of AYUSH. 2. Definitions It is IMPORTANT You should go through the definition of some words used in the policy. Definition of these may vary from the common understanding and colloquial meaning. "
niva-bupa,policy-wording/niva-bupa/GoActive.pdf,529656,69,True,"Product Name: GoActive, Product UIN: NBHHLIP26046V032526 GoActive Policy Wordings 1. Preamble T his is a contract of insurance between You and Us which is subject to the payment of the full premium in advance and the terms, conditions and exclusions to this Policy. This Policy has been issued on the basis of the Disclosure to Information Norm, including the information provided by You in respect of the Insured Persons in the Proposal Form and the Information Summary Sheet. Please inform Us immed"
niva-bupa,policy-wording/niva-bupa/Health_Companion.pdf,197324,27,True,"Product Name: Health Companion, Product UIN: NBHHLIP25040V082425 Health Companion Policy Document Variant 2022 and Variant 2023 1. Preamble This Policy covers Allopathic and AYUSH treatments taken in India ONLY. Expense incurred outside the policy period will NOT be covered. Unutilized Sum Insured will expire at the end of policy year. All applicable benefits and details are mentioned in your Policy Schedule. 2. Definitions 2.1. Standard Definitions: 2.1.1. Accident or Accidental means a sudden,"
niva-bupa,policy-wording/niva-bupa/Health_Premia_Gold.pdf,582230,109,True,"Product Name: Health Premia, Product UIN: MAXHLIP21176V022021 Health Premia Policy Wordings 1. Preamble This ‘Health Premia’ policy is a contract of insurance between You and Us which is subject to payment of full premium in advance and the terms, conditions and exclusions of this Policy. This Policy has been issued on the basis of the Disclosure to Information Norm, including the information provided by You in the Proposal Form and the Information Summary Sheet. Please inform Us immediately of "
niva-bupa,policy-wording/niva-bupa/Health_Premia_Platinum.pdf,582230,109,True,"Product Name: Health Premia, Product UIN: MAXHLIP21176V022021 Health Premia Policy Wordings 1. Preamble This ‘Health Premia’ policy is a contract of insurance between You and Us which is subject to payment of full premium in advance and the terms, conditions and exclusions of this Policy. This Policy has been issued on the basis of the Disclosure to Information Norm, including the information provided by You in the Proposal Form and the Information Summary Sheet. Please inform Us immediately of "
niva-bupa,policy-wording/niva-bupa/Health_Premia_Silver.pdf,582230,109,True,"Product Name: Health Premia, Product UIN: MAXHLIP21176V022021 Health Premia Policy Wordings 1. Preamble This ‘Health Premia’ policy is a contract of insurance between You and Us which is subject to payment of full premium in advance and the terms, conditions and exclusions of this Policy. This Policy has been issued on the basis of the Disclosure to Information Norm, including the information provided by You in the Proposal Form and the Information Summary Sheet. Please inform Us immediately of "
niva-bupa,policy-wording/niva-bupa/Health_Pulse_Classic.pdf,374359,63,True,"Product Name: Health Pulse, Product UIN: NBHHLIP26044V042526 Health Pulse Policy Document 1. Preamble T his ‘Niva Bupa Health Pulse’ policy is a contract of insurance between You and Us which is subject to payment of full premium in advance and the terms, conditions and exclusions of this Policy. This Policy has been issued on the basis of the Disclosure to Information Norm, including the information provided by You in the Proposal Form and the Information Summary Sheet. Please inform Us immedia"
niva-bupa,policy-wording/niva-bupa/Health_Pulse_Enhanced.pdf,374359,63,True,"Product Name: Health Pulse, Product UIN: NBHHLIP26044V042526 Health Pulse Policy Document 1. Preamble T his ‘Niva Bupa Health Pulse’ policy is a contract of insurance between You and Us which is subject to payment of full premium in advance and the terms, conditions and exclusions of this Policy. This Policy has been issued on the basis of the Disclosure to Information Norm, including the information provided by You in the Proposal Form and the Information Summary Sheet. Please inform Us immedia"
niva-bupa,policy-wording/niva-bupa/Health_Recharge_Super_TopUp.pdf,270657,50,True,"Product Name: Health Recharge, Product UIN: NBHHLIP22156V032122 Health Recharge Policy Wordings 1. Preamble This ‘Health Recharge’ policy is a contract of insurance between You and Us which is subject to payment of full premium in advance and the terms, conditions and exclusions of this Policy. This Policy has been issued on the basis of the Disclosure to Information Norm, including the information provided by You in the Proposal Form and / or the Information Summary Sheet. Please inform Us imme"
niva-bupa,policy-wording/niva-bupa/HeartBeat_Gold.pdf,1660373,72,True,"Policy Document Product Name: Heart Beat, Product UIN: NBHHLIP26048V092526 1. Preamble This ‘Heartbeat’ policy is a contract of insurance between You and Us which is subject to payment of full premium in advance and the terms, conditions and exclusions of this Policy. This Policy has been issued on the basis of the Disclosure to Information Norm, including the information provided by You in the Proposal Form and / or the Information Summary Sheet. Please inform Us immediately of any change in th"
niva-bupa,policy-wording/niva-bupa/HeartBeat_Platinum.pdf,1660373,72,True,"Policy Document Product Name: Heart Beat, Product UIN: NBHHLIP26048V092526 1. Preamble This ‘Heartbeat’ policy is a contract of insurance between You and Us which is subject to payment of full premium in advance and the terms, conditions and exclusions of this Policy. This Policy has been issued on the basis of the Disclosure to Information Norm, including the information provided by You in the Proposal Form and / or the Information Summary Sheet. Please inform Us immediately of any change in th"
niva-bupa,policy-wording/niva-bupa/ReAssure.pdf,258876,45,True,"Product Name: ReAssure, Product UIN: NBHHLIP25037V032425 ReAssure Policy Document 1. Preamble This ‘ReAssure’ policy is a contract of insurance between You and Us which is subject to payment of full premium in advance and the terms, conditions and exclusions of this Policy. This Policy has been issued on the basis of the Disclosure of Information, including the information provided by You in the Proposal Form and / or the Information Summary Sheet. Please inform Us immediately of any change in t"
niva-bupa,policy-wording/niva-bupa/ReAssure_2_Bronze_Plus.pdf,472137,36,True,"ReAssure 2.0_Policy Wordings Product Name: ReAssure 2.0, Product UIN: NBHHLIP26042V022526 1. Preamble This Policy covers Allopathic and AYUSH treatments taken in India ONLY. 2. Definitions It is IMPORTANT You should go through the definition of some words used in the policy. Definition of these may vary from the common understanding and colloquial meaning. If a word is not specifically defined in the following section, it’s common meaning will apply. 2.1. Standard Definitions: 2.1.1. Accident or"
niva-bupa,policy-wording/niva-bupa/ReAssure_2_Platinum_Plus.pdf,472137,36,True,"ReAssure 2.0_Policy Wordings Product Name: ReAssure 2.0, Product UIN: NBHHLIP26042V022526 1. Preamble This Policy covers Allopathic and AYUSH treatments taken in India ONLY. 2. Definitions It is IMPORTANT You should go through the definition of some words used in the policy. Definition of these may vary from the common understanding and colloquial meaning. If a word is not specifically defined in the following section, it’s common meaning will apply. 2.1. Standard Definitions: 2.1.1. Accident or"
niva-bupa,policy-wording/niva-bupa/ReAssure_2_Titanium_Plus.pdf,472137,36,True,"ReAssure 2.0_Policy Wordings Product Name: ReAssure 2.0, Product UIN: NBHHLIP26042V022526 1. Preamble This Policy covers Allopathic and AYUSH treatments taken in India ONLY. 2. Definitions It is IMPORTANT You should go through the definition of some words used in the policy. Definition of these may vary from the common understanding and colloquial meaning. If a word is not specifically defined in the following section, it’s common meaning will apply. 2.1. Standard Definitions: 2.1.1. Accident or"
niva-bupa,policy-wording/niva-bupa/Senior_First_Gold.pdf,209384,27,True,"Product Name: Senior First, Product UIN: MAXHLIP21575V012021 Senior First Policy Document 1. Preamble This Policy covers Allopathic and AYUSH treatments taken in India ONLY. Expense incurred outside the policy period will NOT be covered. Unutilized Sum Insured will expire at the end of policy year. All applicable benefits and details are mentioned in your Policy Schedule. 2. Definitions 2.1. Standard Definitions I. Accident or Accidental means a sudden, unforeseen and involuntary event caused by"
niva-bupa,policy-wording/niva-bupa/Senior_First_Platinum.pdf,209384,27,True,"Product Name: Senior First, Product UIN: MAXHLIP21575V012021 Senior First Policy Document 1. Preamble This Policy covers Allopathic and AYUSH treatments taken in India ONLY. Expense incurred outside the policy period will NOT be covered. Unutilized Sum Insured will expire at the end of policy year. All applicable benefits and details are mentioned in your Policy Schedule. 2. Definitions 2.1. Standard Definitions I. Accident or Accidental means a sudden, unforeseen and involuntary event caused by"
star-health-care,policy-wording/star-health-care/Assure.pdf,4606591,16,True,"1 of 16Unique Identiﬁcation No.: SHAHLIP23131V022223Star Health Assure Insurance Policy POL / SHA / V.9 / 2024 PREAMBLE The proposal, declaration and other documents given by the proposer shall be the basis of this Contract and is deemed to be incorporated herein. A. DEFINITIONS STANDARD DEFINITIONS Accident: An accident means sudden, unforeseen and involuntary event caused by external, visible and violent means. Any one illness: Any one illness means continuous period of illness and includes re"
star-health-care,policy-wording/star-health-care/Cancer_Care_Platinum.pdf,1214202,10,True,"1 of 10Unique Identiﬁcation No.: SHAHLIP22031V022122 Star Cancer Care Platinum Insurance Policy POL / SCCP / V.9 / 2025 PREAMBLE The proposal, declaration and other documents given by the proposer shall be the basis of this Contract and is deemed to be incorporated herein. In consideration of the premium paid, subject to the terms, conditions, exclusions and deﬁnitions contained herein the Company agrees as per the details given in the Coverage section A. DEFINITIONS STANDARD DEFINITION Accident"
star-health-care,policy-wording/star-health-care/Cardiac_Care_Platinum.pdf,2454563,10,True,"1 of 10Unique Identiﬁcation No.: SHAHLIP22033V022122Star Cardiac Care Insurance Policy-Platinum POL / CAR-P / V.8 / 2025 PREAMBLE The proposal and declaration given by the proposer and other documents shall be the basis of this contract and is deemed to be incorporated herein. In consideration of the premium paid, subject to the terms, conditions, exclusions and definitions contained herein the Company agrees as per the details given in the Coverage section that if during the period stated in th"
star-health-care,policy-wording/star-health-care/Comprehensive.pdf,603656,14,True,"1 of 14 Policy WordingsStar Health and Allied Insurance Company Limited Star Comprehensive Insurance Policy Unique Identification No.: SHAHLIP25037V082425 POL / COMP / V.23 / 2024 STAR COMPREHENSIVE INSURANCE POLICY Unique Identification No.: SHAHLIP25037V082425 STAR HEALTH AND ALLIED INSURANCE COMPANY STAR HEALTH AND ALLIED INSURANCE COMPANY LIMITEDLIMITED Registered Office : No. 1, New Tank Street, Valluvar Kottam High Road, Nungambakkam, Chennai - 600 034. Phone : 044 - 28288800 Corporate Off"
star-health-care,policy-wording/star-health-care/Diabetes_Safe.pdf,808270,10,True,"Diabetes Safe Insurance Policy Unique Identiﬁcation No.: SHAHLIP23081V082223 POL / DIA / V.20 / 2025 1 of 10 PREAMBLE The proposal, declaration and other documents if any given by the proposer shall be the basis of this Contract and is deemed to be incorporated herein. I. DEFINITIONS (APPLICABLE FOR PLAN A AND PLAN B) STANDARD DEFINITIONS Accident: An accident means sudden, unforeseen and involuntary event caused by external, visible and violent means. Any one illness: Any one illness means cont"
star-health-care,policy-wording/star-health-care/Family_Health_Optima.pdf,603141,35,True,"STAR HEALTH AND ALLIED INSURANCE COMPANY LIMITED | POLICY WORDINGS 1 / 35Family Health Optima Insurance Plan | UIN : SHAHLIP25039V082425 | POL / FHO / V.25 / 2025 PREAMBLE The proposal, declaration and other documents given by the proposer shall be the basis of this Contract and is deemed to be incorporated herein. Definitions STANDARD DEFINITIONS Accident: An accident means sudden, unforeseen and involuntary event caused by external, visible and violent means. Any one illness: Any one illness m"
star-health-care,policy-wording/star-health-care/Health_Premier.pdf,1117673,12,True,"1 of 12Unique Identiﬁcation No.: SHAHLIP22226V012122Star Health Premier Insurance Policy POL / SHP / V.8 / 2025 PREAMBLE The proposal, declaration and other documents given by the proposer shall be the basis of this Contract and is deemed to be incorporated herein. I. DEFINITIONS STANDARD DEFINITIONS Accident: An accident means sudden, unforeseen and involuntary event caused by external, visible and violent means. Any one illness: Any one illness means continuous period of illness and includes r"
star-health-care,policy-wording/star-health-care/Medi_Classic.pdf,1910138,9,True,"1 of 9Unique Identiﬁcation No.: SHAHLIP25038V082425 Medi Classic Insurance Policy (Individual) POL / MCI / V.24 / 2025 PREAMBLE The proposal, declaration and other documents if any given by the proposer shall be the basis of this Contract and is deemed to be incorporated herein. I. DEFINITIONS STANDARD DEFINITIONS Accident: An accident means sudden, unforeseen and involuntary event caused by external, visible and violent means. Any one illness: Any one illness means continuous period of illness "
star-health-care,policy-wording/star-health-care/Medi_Classic_Gold.pdf,1910138,9,True,"1 of 9Unique Identiﬁcation No.: SHAHLIP25038V082425 Medi Classic Insurance Policy (Individual) POL / MCI / V.24 / 2025 PREAMBLE The proposal, declaration and other documents if any given by the proposer shall be the basis of this Contract and is deemed to be incorporated herein. I. DEFINITIONS STANDARD DEFINITIONS Accident: An accident means sudden, unforeseen and involuntary event caused by external, visible and violent means. Any one illness: Any one illness means continuous period of illness "
star-health-care,policy-wording/star-health-care/Red_Carpet_Senior_Citizen.pdf,1488241,10,True,"1 of 10Unique Identiﬁcation No.: SHAHLIP25027V072425 Senior Citizens Red Carpet Health Insurance Policy POL / SCRC / V.20 / 2025 PREAMBLE The proposal, declaration and other documents if any given by the proposer shall be the basis of this Contract and is deemed to be incorporated herein. 1. DEFINITIONS STANDARD DEFINITIONS Accident: An accident means sudden, unforeseen and involuntary event caused by external, visible and violent means. Any one illness: Any one illness means continuous period o"
star-health-care,policy-wording/star-health-care/Smart_Health_Pro.pdf,1570114,14,True,"1 of 14Unique Identiﬁcation No.: SHAHLIP23172V012223Smart Health Pro POL / SHPRO / V.3 / 2024 Preamble The proposal, declaration and other documents given by the proposer shall be the basis of this Contract and is deemed to be incorporated herein. SECTION I - DEFINITIONS Standard Deﬁnitions Accident: An accident means sudden, unforeseen and involuntary event caused by external, visible and violent means. Any one illness: Any one illness means continuous period of illness and includes relapse wit"
star-health-care,policy-wording/star-health-care/Special_Care.pdf,1945843,6,True,"1 of 6Unique Identiﬁcation No.: SHAHLIP21243V022021 Star Special Care POL / SSC / V.13 / 2025 PREAMBLE The proposal, declaration and other documents given by the proposer shall be the basis of this contract and is deemed to be incorporated herein. I. DEFINITIONS STANDARD DEFINITIONS Accident: An accident means sudden, unforeseen and involuntary event caused by external, visible and violent means. Any one illness: Any one illness means continuous period of illness and includes relapse within 45 d"
star-health-care,policy-wording/star-health-care/Special_Care_Gold.pdf,2171745,8,True,"1 of 8Unique Identiﬁcation No.: SHAHLIP23182V012223Special Care Gold, Star Health and Allied Insurance Company Limited POL / SCG / V.6 / 2025 PREAMBLE The proposal, declaration and other documents given by the proposer shall be the basis of this Contract and is deemed to be incorporated herein. This policy is specially designed for, A) Disability Cover : Covering Persons with Disability as per The Rights of Persons with Disabilities Act, 2016. The cover under this policy is available for persons"
star-health-care,policy-wording/star-health-care/Star_Health_Gain.pdf,1344262,8,True,"1 of 8Unique Identiﬁcation No.: SHAHLIP21262V032021Star Health Gain Insurance Policy POL / GAIN / V.18 / 2025 PREAMBLE The proposal, declaration and other documents if any given by the proposer shall be the basis of this Contract and is deemed to be incorporated herein. I. DEFINITIONS STANDARD DEFINITIONS Accident: An accident means sudden, unforeseen and involuntary event caused by external, visible and violent means. Any one illness: Any one illness means continuous period of illness and inclu"
star-health-care,policy-wording/star-health-care/Super_Star.pdf,406099,37,True,"SUPER STAR | UIN : SHAHLIP25036V012425 | POL / SS / V.1 / 2024 1 / 37 The proposal, declaration and other documents given by the proposer shall be the basis of this Contract and is deemed to be incorporated herein. Section I - Definitions STANDARD DEFINITIONS Accident: An accident means sudden, unforeseen and involuntary event caused by external, visible and violent means. Any one illness: Any one illness means continuous period of illness and includes relapse within 45 days from the date of las"
star-health-care,policy-wording/star-health-care/Super_Surplus_Gold.pdf,1024871,10,True,"1 of 10Unique Identiﬁcation No.: SHAHLIP22034V062122Star Super Surplus (Floater) Insurance Policy POL / SSF / V.18 / 2025 PREAMBLE The proposal, declaration and other documents if any given by the proposer form the basis of this policy of insurance I. DEFINITIONS (Applicable for Both Silver Plan and Gold Plan) STANDARD DEFINITIONS Accident: An accident means sudden, unforeseen and involuntary event caused by external, visible and violent means. Any one illness: Any one illness means continuous p"
star-health-care,policy-wording/star-health-care/Women_Care.pdf,1078447,15,True,"1 of 15Unique Identiﬁcation No.: SHAHLIP23132V022223Star Women Care Insurance Policy POL / SWC / V.11 / 2025 PREAMBLE The proposal, declaration and other documents given by the proposer shall be the basis of this Contract and is deemed to be incorporated herein. I. DEFINITIONS STANDARD DEFINITIONS Accident: An accident means sudden, unforeseen and involuntary event caused by external, visible and violent means. Any one illness: Any one illness means continuous period of illness and includes rela"
star-health-care,policy-wording/star-health-care/Young_Star.pdf,1317265,12,True,"1 12 of Unique Identiﬁcation No.: SHAHLIP25035V052425Young Star Insurance Policy POL / YSI / V.12 / 2024 PREAMBLE The proposal, declaration and other documents if any given by the proposer shall be the basis of this Contract and is deemed to be incorporated herein. I . DEFINITIONS STANDARD DEFINITIONS Accident: An accident means sudden, unforeseen and involuntary event caused by external, visible and violent means. Any one illness: Any one illness means continuous period of illness and includes "
